鴉	aa1
啞	aa2
阿	aa3
啱	aam1
鴨	aap2
鴨	aap3
拗	aau3
暗	am3
噏	ap1
吧	baa1
把	baa2
霸	baa3
擺	baai2
拜	baai3
敗	baai3
百	baak3
班	baan1
板	baan2
扮	baan6
八	baat3
包	baau1
鮑	baau1
飽	baau2
爆	baau3
跛	bai1
閉	bai3
弊	bai6
北	bak1
稟	ban1
賓	ban1
笨	ban6
崩	bang1
不	bat1
卑	bei1
俾	bei2
畀	bei2
秘	bei3
避	bei6
鼻	bei6
餅	beng2
病	beng6
逼	bik1
邊	bin1
扁	bin2
變	bin3
冰	bing1
丙	bing2
別	bit6
標	biu1
錶	biu1
表	biu2
波	bo1
扑	bok1
搏	bok3
駁	bok3
幫	bong1
綁	bong2
磅	bong6
煲	bou1
保	bou2
寶	bou2
補	bou2
報	bou3
布	bou3
哺	bou6
輩	bui3
背	bui6
卜	buk1
伏	buk6
搬	bun1
本	bun2
半	bun3
撥	but6
叉	caa1
搽	caa4
茶	caa4
查	caa6
差	caai1
猜	caai1
踩	caai2
柴	caai4
賊	caak2
拆	caak3
兵	caak6
賊	caak6
餐	caan1
撐	caang1
撐	caang3
倀	caang4
插	caap3
擦	caat3
抄	caau1
炒	caau2
摷	caau3
巢	caau4
砌	cai3
噚	cam3
診	can2
襯	can3
趁	can3
陳	can4
七	cat1
實	cat6
柒	cat6
抽	cau1
揪	cau1
秋	cau1
醜	cau2
湊	cau3
臭	cau3
籌	cau4
車	ce1
扯	ce2
邪	ce4
尺	cek3
赤	cek3
青	ceng1
請	ceng2
催	ceoi1
吹	ceoi1
脆	ceoi3
趣	ceoi3
除	ceoi4
春	ceon1
蠢	ceon2
巡	ceon4
黐	ci1
刺	ci3
慈	ci4
池	ci4
祠	ci4
遲	ci4
似	ci5
恃	ci5
潛	cim4
千	cin1
錢	cin2
前	cin4
錢	cin4
清	cing1
青	cing1
秤	cing3
埕	cing4
切	cit3
超	ciu1
朝	ciu4
潮	ciu4
初	co1
搓	co1
錯	co3
鋤	co4
灼	coek1
綽	coek3
場	coeng2
搶	coeng2
長	coeng2
唱	coeng3
啋	coi1
彩	coi2
睬	coi2
菜	coi3
蔡	coi3
財	coi4
剒	cok3
倉	cong1
廠	cong2
床	cong4
草	cou2
嘈	cou4
畜	cuk1
速	cuk1
充	cung1
沖	cung1
松	cung4
處	cyu5
穿	cyun1
寸	cyun3
全	cyun4
出	cyut1
打	daa1
帶	daai3
戴	daai3
大	daai6
擔	daam1
膽	daam2
啖	daam6
丹	daan1
單	daan1
蛋	daan6
嗒	daap1
搭	daap3
叠	daap6
撻	daat3
低	dai1
底	dai2
抵	dai2
諦	dai3
弟	dai6
第	dai6
得	dak1
德	dak1
特	dak6
泵	dam1
揼	dam2
泵	dam3
髧	dam3
躉	dan2
炖	dan6
燉	dan6
燈	dang1
等	dang2
登	dang3
戥	dang6
耷	dap1
兜	dau1
豆	dau2
抖	dau3
竇	dau3
鬥	dau3
逗	dau6
嗲	de2
地	dei6
糴	dek3
糴	dek6
釘	deng1
掟	deng3
訂	deng6
堆	deoi1
隊	deoi2
對	deoi3
嗒	dep1
掉	deu6
的	dik1
點	dim2
掂	dim6
癲	din1
典	din2
電	din6
丁	ding1
頂	ding2
定	ding6
疊	dip6
跌	dit3
丟	diu1
刁	diu1
屌	diu2
吊	diu3
釣	diu3
調	diu6
多	do1
朵	do2
朵	doe2
啄	doeng1
袋	doi2
袋	doi6
度	dok6
鐸	dok6
檔	dong3
當	dong3
蕩	dong6
刀	dou1
倒	dou2
賭	dou2
到	dou3
渡	dou6
道	dou6
鍍	dou6
篤	duk1
獨	duk6
讀	duk6
冬	dung1
東	dung1
凍	dung3
㢥	dung6
動	dung6
桐	dung6
棟	dung6
洞	dung6
短	dyun2
花	faa1
化	faa3
塊	faai3
快	faai3
番	faan1
返	faan1
反	faan2
帆	faan5
犯	faan6
瓣	faan6
飯	faan6
法	faat3
發	faat3
揮	fai1
廢	fai3
肺	fai3
吠	fai6
分	fan1
粉	fan2
瞓	fan3
忿	fan5
份	fan6
忽	fat1
佛	fat6
淝	fe4
飛	fei1
肥	fei4
弗	fit1
科	fo1
火	fo2
貨	fo3
慌	fong1
放	fong3
呼	fu1
苦	fu2
虎	fu2
富	fu3
褲	fu3
負	fu3
符	fu4
灰	fui1
福	fuk1
覆	fuk1
伏	fuk6
款	fun2
風	fung1
闊	fut3
加	gaa1
嘉	gaa1
家	gaa1
㗎	gaa4
街	gaai1
戒	gaai3
界	gaai3
𠝹	gaai3
監	gaam1
奸	gaan1
揀	gaan2
繭	gaan2
澗	gaan3
交	gaau1
搞	gaau2
攪	gaau2
教	gaau3
覺	gaau3
較	gaau3
雞	gai1
鳳	gai1
計	gai3
今	gam1
甘	gam1
金	gam1
咁	gam2
咁	gam3
㩒	gam6
撳	gam6
斤	gan1
根	gan1
跟	gan1
緊	gan2
近	gan6
急	gap1
𥄫	gap6
吉	gat1
拮	gat1
趌	gat6
鳩	gau1
九	gau2
狗	gau2
夠	gau3
救	gau3
舊	gau6
基	gei1
機	gei1
幾	gei2
寄	gei3
技	gei6
驚	geng1
頸	geng2
舉	geoi2
激	gik1
儉	gim6
堅	gin1
見	gin3
件	gin6
健	gin6
㬌	ging2
境	ging2
敬	ging3
勁	ging6
結	git3
杰	git6
叫	giu3
撬	giu6
嗰	go2
個	go3
鋸	goe3
腳	goek3
殭	goeng1
疆	goeng1
薑	goeng1
該	goi1
各	gok3
乾	gon1
干	gon1
趕	gon2
幹	gon3
江	gong1
港	gong2
講	gong2
割	got3
高	gou1
告	gou3
姑	gu1
孤	gu1
古	gu2
鼓	gu2
顧	gu3
攰	gui6
侷	guk6
局	guk6
焗	guk6
官	gun1
棺	gun1
觀	gun1
罐	gun3
恭	gung1
攻	gung1
貢	gung3
呱	gwaa1
瓜	gwaa1
寡	gwaa2
掛	gwaa3
怪	gwaai3
關	gwaan1
刮	gwaat3
歸	gwai1
龜	gwai1
鬼	gwai2
桂	gwai3
貴	gwai3
櫃	gwai6
跪	gwai6
滾	gwan2
棍	gwan3
轟	gwang1
骨	gwat1
倔	gwat6
掘	gwat6
過	gwo3
國	gwok3
光	gwong1
捐	gyun1
蝦	haa1
下	haa6
揩	haai1
嚡	haai4
鞋	haai4
蟹	haai5
嚇	haak3
喊	haam3
咸	haam4
鹹	haam4
慳	haan1
閒	haan4
坑	haang1
呷	haap3
敲	haau1
考	haau2
孝	haau3
姣	haau4
校	haau6
西	hai1
閪	hai1
係	hai6
黑	hak1
坎	ham2
含	ham4
恨	han6
衡	hang4
杏	hang6
恰	hap1
合	hap6
乞	hat1
吼	hau1
口	hau2
喉	hau4
厚	hau5
嬉	hei1
豈	hei2
起	hei2
戲	hei3
氣	hei3
汽	hei3
墟	heoi1
許	heoi2
去	heoi3
險	him2
獻	hin3
兄	hing1
馨	hing1
慶	hing3
歇	hit3
可	ho2
何	ho4
荷	ho4
鄉	hoeng1
香	hoeng1
響	hoeng2
開	hoi1
海	hoi2
亥	hoi6
殼	hok3
學	hok6
看	hon3
行	hong2
巷	hong6
渴	hot3
好	hou3
毫	hou4
豪	hou4
兇	hung1
空	hung1
孔	hung2
恐	hung2
洪	hung4
熊	hung4
紅	hung4
圈	hyun1
也	jaa5
廿	jaa6
吔	jaak3
喫	jaak3
雜	jaap3
陰	jam1
飲	jam2
淫	jam4
因	jan1
忍	jan2
人	jan4
引	jan5
癮	jan5
入	jap6
一	jat1
壹	jat1
日	jat6
友	jau2
油	jau4
游	jau4
遊	jau4
有	jau5
嘢	je4
椰	je4
爺	je4
野	je4
惹	je5
夜	je6
贏	jeng4
潤	jeon6
兒	ji1
衣	ji1
醫	ji1
姨	ji4
宜	ji4
移	ji4
而	ji4
耳	ji4
二	ji6
易	ji6
義	ji6
奄	jim1
閹	jim1
掩	jim2
鹽	jim4
驗	jim6
胭	jin1
演	jin2
弦	jin4
現	jin6
應	jing1
英	jing1
影	jing2
型	jing4
形	jing4
認	jing6
熱	jit6
腰	jiu1
妖	jiu2
弱	joek6
藥	joek6
樣	joeng2
揚	joeng4
羊	joeng4
養	joeng5
郁	juk1
玉	juk6
肉	juk6
擁	jung2
溶	jung4
融	jung4
用	jung6
瘀	jyu2
魚	jyu4
雨	jyu5
冤	jyun1
鴛	jyun1
丸	jyun2
軟	jyun5
愈	jyut6
月	jyut6
卡	kaa1
契	kai3
襟	kam1
冚	kam2
擒	kam4
禽	kam4
鯁	kang2
吸	kap3
咳	kat1
媾	kau1
溝	kau1
扣	kau3
求	kau4
茄	ke1
騎	ke4
旗	kei4
期	kei4
企	kei5
佢	keoi5
棘	kik1
傾	king1
揭	kit3
橋	kiu2
蹺	kiu2
強	koeng4
鏹	koeng4
箍	ku1
窮	kung4
虧	kwai1
規	kwai1
坤	kwan1
群	kwan4
裙	kwan4
舐	laai
孻	laai1
拉	laai1
奶	laai2
賴	laai2
癩	laai3
瀨	laai6
勒	laak6
攬	laam2
檻	laam3
藍	laam4
躝	laan1
懶	laan2
爛	laan6
冷	laang1
擸	laap3
辣	laat3
禮	lai2
例	lai6
冧	lam3
淋	lam4
臨	lam6
撚	lan2
笠	lap1
立	lap6
甩	lat1
摟	lau1
劉	lau4
柳	lau4
樓	lau4
流	lau4
留	lau4
漏	lau6
離	lei4
李	lei5
利	lei6
莉	lei6
叻	lek1
舐	lem2
靚	leng1
𡃁	leng1
領	leng2
靚	leng3
雷	leoi4
輪	leon4
論	leon6
力	lik6
廉	lim4
鍊	lin2
蓮	lin4
另	ling4
鈴	ling4
零	ling4
了	liu1
料	liu2
撩	liu4
囉	lo1
籮	lo1
攞	lo2
羅	lo4
蘿	lo4
掠	loek1
娘	loeng1
兩	loeng4
樑	loeng4
涼	loeng4
糧	loeng4
良	loeng4
來	loi4
落	lok6
狼	long4
勞	lou1
撈	lou1
嘮	lou4
廬	lou4
老	lou4
驢	lou4
魯	lou5
鹵	lou5
路	lou6
露	lou6
碌	luk1
六	luk6
綠	luk6
窿	lung1
籠	lung4
龍	lung4
鬈	lyun1
聯	lyun4
亂	lyun6
慄	lyut6
唔	m4
媽	maa1
孖	maa1
麻	maa4
碼	maa5
馬	maa5
埋	maai4
買	maai5
賣	maai6
擘	maak3
慢	maan6
萬	maan6
掹	maang1
盲	maang4
猛	maang5
蜢	maang5
孟	maang6
抹	maat3
貓	maau1
茅	maau4
咪	mai1
迷	mai4
米	mai5
嘜	mak1
墨	mak6
麥	mak6
蚊	man1
文	man4
問	man6
掹	mang1
忟	mang2
萌	mang4
乜	mat1
密	mat6
蜜	mat6
踎	mau1
謀	mau4
某	mau5
茂	mau6
咩	me1
孭	me1
歪	me2
味	mei2
眉	mei4
尾	mei5
美	mei5
未	mei6
名	meng2
命	meng6
面	min2
綿	min4
明	ming4
搣	mit1
廟	miu2
摩	mo1
魔	mo1
摸	mo2
磨	mo4
剝	mok1
幕	mok6
莫	mok6
忘	mong4
網	mong5
望	mong6
毛	mou4
無	mou4
冇	mou5
舞	mou5
梅	mui4
霉	mui4
木	muk6
門	mun4
悶	mun6
懵	mung2
矇	mung4
乸	naa2
嗱	naa2
拿	naa4
喃	naam4
男	naam4
難	naan4
鬧	naau6
泥	nai4
諗	nam2
粒	nap1
嬲	nau1
扭	nau2
你	nei5
女	neoi2
五	ng5
伍	ng5
牙	ngaa4
掗	ngaa6
嗌	ngaai3
捱	ngaai4
呃	ngaak1
啱	ngaam1
眼	ngaan5
硬	ngaang6
拗	ngaau3
熬	ngaau4
咬	ngaau5
矮	ngai2
翳	ngai3
危	ngai4
蟻	ngai5
毅	ngai6
奀	ngan1
銀	ngan4
銀	ngan5
噏	ngap1
勾	ngau1
嘔	ngau2
毆	ngau2
牛	ngau4
吽	ngau6
鵝	ngo4
餓	ngo6
愛	ngoi3
外	ngoi6
惡	ngok3
鱷	ngok6
戇	ngong6
屋	nguk1
唸	nim6
檸	ning2
檸	ning4
內	noi6
腦	nou5
嫩	nyun6
柯	o1
痾	o1
澳	ou3
趴	paa1
扒	paa2
怕	paa3
爬	paa4
派	paai3
棚	paang4
拋	paau1
跑	paau2
炮	paau3
刨	paau4
批	pai1
啤	pe1
皮	pei4
劈	pek3
偏	pin1
片	pin2
遍	pin3
撇	pit3
瞥	pit3
嫖	piu4
棵	po1
破	po3
撲	pok3
蚌	pong2
蚌	pong4
蒲	pou4
賠	pui4
陪	pui4
仆	puk1
盤	pun4
碰	pung3
潑	put3
沙	saa1
耍	saa2
嘥	saai1
晒	saai3
曬	saai3
三	saam1
衫	saam1
山	saan1
散	saan2
生	saang1
省	saang2
霎	saap3
烚	saap6
煠	saap6
殺	saat3
哨	saau3
犀	sai1
使	sai2
洗	sai2
世	sai3
細	sai3
噬	sai4
誓	sai6
塞	sak1
參	sam1
心	sam1
伸	san1
新	san1
身	san1
呻	san3
腎	san6
濕	sap1
十	sap6
拾	sap6
失	sat1
收	sau1
羞	sau1
手	sau2
首	sau2
瘦	sau3
受	sau6
壽	sau6
寫	se2
卸	se3
蛇	se4
社	se5
射	se6
死	sei2
四	sei3
鍚	sek3
石	sek6
聲	seng1
腥	seng1
衰	seoi1
水	seoi2
碎	seoi3
睡	seoi6
筍	seon2
信	seon3
順	seon6
師	si1
思	si1
施	si1
私	si1
屎	si2
試	si3
市	si5
事	si6
是	si6
色	sik1
識	sik1
骰	sik1
食	sik6
閃	sim2
仙	sin1
跣	sin3
鱔	sin5
星	sing1
醒	sing2
勝	sing3
姓	sing3
聖	sing3
乘	sing4
盛	sing6
蝕	sit6
瀟	siu1
簫	siu1
小	siu2
少	siu2
笑	siu3
梳	so1
疏	so1
鎖	so2
傻	so4
雙	soeng1
相	soeng3
常	soeng4
上	soeng6
索	sok3
爽	song2
喪	song3
蘇	sou1
騷	sou1
掃	sou3
數	sou3
叔	suk1
宿	suk1
縮	suk1
熟	suk6
鬆	sung1
送	sung3
書	syu1
鼠	syu2
薯	syu4
樹	syu6
孫	syun1
損	syun2
算	syun3
船	syun4
雪	syut3
貪	taam1
探	taam3
淡	taam5
攤	taan1
嘆	taan3
歎	taan3
彈	taan4
彈	taan5
塔	taap3
睇	tai2
剃	tai3
替	tai3
提	tai4
氹	tam3
𠱁	tam3
吞	tan1
偷	tau1
投	tau4
頭	tau4
踢	tek3
廳	teng1
聽	teng1
艇	teng5
推	teoi1
甜	tim4
天	tin1
填	tin4
田	tin4
聽	ting3
貼	tip1
鐵	tit3
挑	tiu1
跳	tiu3
條	tiu4
跎	to4
陀	to4
妥	to5
台	toi4
抬	toi4
托	tok3
劏	tong1
糖	tong2
堂	tong4
塘	tong4
土	tou2
兔	tou3
掏	tou4
桃	tou4
逃	tou4
肚	tou5
通	tung1
統	tung2
同	tung4
斷	tyun5
華	waa1
話	waa6
劃	waak6
畫	waak6
灣	waan1
挽	waan2
玩	waan2
還	waan4
挽	waan5
彎	waang1
橫	waang4
挖	waat3
滑	waat6
威	wai1
餵	wai3
唯	wai4
圍	wai4
偉	wai5
為	wai6
溫	wan1
瘟	wan1
搵	wan2
暈	wan4
雲	wan4
運	wan6
屈	wat1
窩	wo1
禾	wo5
鑊	wok6
王	wong4
皇	wong4
糗	wong4
黄	wong4
旺	wong6
污	wu1
烏	wu1
鬍	wu4
會	wui2
回	wui4
換	wun6
揸	zaa1
渣	zaa1
炸	zaa3
詐	zaa3
齋	zaai1
債	zaai3
擇	zaak6
斬	zaam2
站	zaam6
賺	zaan6
饌	zaan6
爭	zaang1
饌	zaang6
閘	zaap6
紮	zaat3
找	zaau2
劑	zai1
仔	zai2
制	zai3
祭	zai3
曳	zai6
滯	zai6
側	zak1
斟	zam1
針	zam1
枕	zam2
浸	zam3
珍	zan1
真	zan1
鎮	zan3
震	zan3
陣	zan6
崢	zang1
憎	zang1
執	zap1
汁	zap1
質	zat1
窒	zat6
周	zau1
走	zau2
酒	zau2
就	zau6
遮	ze1
姐	ze2
借	ze3
蔗	ze3
謝	ze6
隻	zek3
蓆	zek6
精	zeng1
追	zeoi1
咀	zeoi2
嘴	zeoi2
醉	zeoi3
聚	zeoi6
盡	zeon6
卒	zeot1
支	zi1
枝	zi1
知	zi1
脂	zi1
姊	zi2
子	zi2
指	zi2
止	zi2
紙	zi2
紫	zi2
治	zi4
字	zi6
自	zi6
職	zik1
植	zik6
直	zik6
尖	zim1
剪	zin2
賤	zin6
蒸	zing1
整	zing2
正	zing3
靜	zing6
接	zip3
摺	zip3
唧	zit1
折	zit3
招	ziu1
蕉	ziu1
照	ziu3
噍	ziu6
𡁻	ziu6
左	zo2
阻	zo2
坐	zo6
啫	zoe1
着	zoek3
著	zoek3
雀	zoek3
張	zoeng1
掌	zoeng2
脹	zoeng3
作	zok3
莊	zong1
裝	zong1
撞	zong6
狀	zong6
糟	zou1
早	zou2
做	zou6
捉	zuk1
竹	zuk1
忠	zung1
樁	zung1
終	zung1
縱	zung1
舂	zung1
鐘	zung1
中	zung3
種	zung3
仲	zung6
重	zung6
朱	zyu1
珠	zyu1
蛛	zyu1
諸	zyu1
豬	zyu1
煮	zyu2
蛀	zyu3
駐	zyu3
鑽	zyu3n
住	zyu6
轉	zyun2
絶	zyut6
