，	138727
	89953
	89953
。	71085
係	54129
	50937
我	43308
一	37581
唔	32452
個	24643
嘅	23633
有	23601
人	23498
你	23140
都	22993
好	22907
「	22563
」	22541
e	21560
a	21058
佢	19935
n	17796
到	16998
既	16906
咁	16102
就	16068
？	14353
會	14300
i	13822
l	13021
呢	12944
同	12814
o	12641
大	12569
以	12376
無	11943
得	11915
要	11429
不	11189
t	11012
然	10224
可	10150
講	10063
r	9884
：	9884
…	9863
去	9784
過	9353
地	9261
但	9168
話	9118
s	8931
多	8687
出	8622
後	8484
自	8427
！	8325
時	8247
為	8190
下	8168
真	8028
家	8023
又	7814
點	7762
咗	7573
u	7554
知	7324
上	7218
m	7188
果	7138
之	7099
啦	7029
做	7012
左	6759
生	6663
住	6642
咩	6454
而	6423
經	6400
的	6267
h	6098
如	6076
呀	6063
啲	6006
幾	5994
、	5987
面	5967
日	5953
事	5898
想	5822
其	5816
c	5740
心	5677
　	5668
樣	5648
開	5611
己	5575
成	5500
中	5491
對	5436
所	5379
實	5365
睇	5259
只	5075
1	5007
先	5002
已	4983
女	4906
仲	4843
喺	4812
年	4807
用	4747
度	4650
意	4561
再	4528
學	4501
當	4477
是	4466
最	4466
文	4434
問	4384
於	4380
d	4368
入	4301
定	4295
0	4288
p	4265
港	4209
y	4199
嚟	4122
來	4120
見	4107
黎	4061
手	4053
2	4043
g	4040
哋	4033
能	4021
頭	3992
發	3974
本	3971
仔	3902
間	3889
老	3880
因	3864
邊	3838
行	3830
解	3804
覺	3798
打	3785
似	3777
嘢	3681
.	3679
D	3641
次	3637
香	3600
分	3581
聲	3559
A	3558
b	3556
返	3533
道	3508
少	3499
完	3479
E	3430
身	3365
起	3362
明	3358
俾	3346
依	3310
食	3293
前	3271
）	3245
理	3230
法	3220
（	3192
野	3184
,	3177
全	3173
埋	3158
者	3135
冇	3123
叫	3082
即	3078
諗	3048
阿	3038
小	3037
應	3024
方	2997
正	2990
死	2989
亦	2969
情	2962
O	2953
望	2937
落	2916
k	2914
兩	2913
咪	2903
力	2855
十	2846
聽	2844
架	2826
友	2765
口	2738
國	2734
現	2727
在	2718
算	2714
語	2665
識	2650
至	2642
機	2609
公	2576
相	2574
世	2558
笑	2543
今	2541
f	2541
哈	2532
嗰	2513
作	2489
走	2473
三	2473
未	2427
緊	2407
─	2386
電	2382
條	2372
變	2317
通	2309
天	2285
動	2284
6	2283
字	2263
將	2262
晒	2262
重	2255
S	2246
題	2228
他	2215
w	2212
工	2208
種	2175
陣	2160
等	2157
竟	2150
或	2148
子	2136
寫	2124
水	2121
加	2121
直	2114
氣	2106
該	2099
J	2095
高	2094
快	2090
刻	2079
·	2070
眼	2067
男	2066
神	2058
了	2036
搵	2030
太	2030
外	2030
始	2008
句	1992
更	1973
C	1973
結	1956
原	1956
放	1955
書	1949
反	1924
番	1920
路	1918
記	1907
第	1905
由	1886
關	1851
感	1844
主	1834
細	1833
信	1823
甚	1822
長	1805
部	1805
乜	1801
登	1798
比	1773
；	1771
二	1754
T	1752
新	1743
數	1733
界	1732
夠	1725
平	1724
終	1708
位	1704
白	1691
林	1690
v	1686
件	1686
/	1680
L	1671
I	1669
搞	1662
說	1659
隻	1655
單	1638
民	1631
難	1626
續	1626
清	1625
錯	1621
回	1612
常	1605
性	1601
令	1600
企	1600
連	1599
向	1596
代	1595
場	1585
愛	1583
色	1579
表	1571
車	1568
B	1561
低	1552
-	1549
認	1548
言	1542
名	1542
朋	1538
候	1515
錢	1507
接	1505
每	1493
繼	1480
論	1465
玩	1461
街	1459
受	1454
何	1452
著	1451
W	1434
3	1406
失	1406
慢	1406
份	1400
喇	1400
化	1393
屋	1392
拎	1389
畀	1379
政	1372
幫	1356
岩	1350
物	1341
張	1339
喎	1314
乎	1311
任	1308
M	1303
司	1300
轉	1289
四	1289
金	1288
究	1282
音	1276
～	1275
根	1274
班	1274
囉	1272
教	1272
5	1271
期	1267
近	1265
離	1264
門	1259
)	1255
思	1254
美	1250
雖	1247
線	1246
(	1243
收	1242
9	1238
試	1228
齊	1225
4	1211
合	1208
東	1188
安	1188
五	1172
萬	1171
體	1164
這	1163
早	1154
Ｄ	1151
突	1148
驚	1144
從	1142
讀	1141
影	1138
士	1136
		1134
計	1133
英	1127
買	1124
鐘	1123
求	1122
花	1120
差	1113
另	1095
答	1094
月	1094
殺	1092
風	1086
流	1085
師	1083
此	1078
選	1077
視	1076
提	1074
例	1073
特	1070
處	1065
K	1065
光	1058
晚	1056
使	1054
且	1053
決	1044
留	1042
R	1038
目	1031
極	1028
帶	1027
利	1020
飲	1012
指	1011
深	1005
坐	999
步	999
被	999
立	991
活	988
容	988
P	988
廣	985
半	985
品	983
故	982
總	979
F	978
遠	977
也	975
除	964
海	957
交	956
斷	954
樂	952
估	951
非	949
別	946
命	945
飯	937
強	937
百	933
黑	927
仍	926
媽	918
耐	914
內	912
絕	911
8	910
足	910
麼	909
傳	907
義	903
式	900
駛	893
進	892
八	891
市	889
星	888
必	887
怪	886
嘛	884
類	883
千	878
謂	878
粵	878
跟	874
》	870
《	870
撚	867
腦	865
業	864
啱	863
愈	863
㗎	862
改	856
持	848
普	845
報	845
7	836
精	834
首	834
婆	834
社	831
雞	826
考	824
保	823
Ｅ	823
員	821
簡	820
鍾	820
佬	817
N	816
底	813
切	809
味	801
易	799
爆	799
亂	799
西	798
們	797
整	794
把	794
火	793
母	792
況	788
Ｏ	788
包	785
空	784
滿	781
哥	780
紅	777
還	776
樓	775
V	775
推	774
辦	774
詞	771
#	770
確	770
響	770
六	769
支	769
觀	768
角	768
婚	767
那	762
隨	760
需	759
台	759
奇	757
拍	755
輕	753
H	753
飛	752
酒	750
戰	748
鬼	747
G	747
及	744
肯	742
沒	741
格	740
功	739
假	735
盡	732
誠	732
[	728
]	724
量	716
苦	713
七	711
價	711
資	709
房	707
初	704
九	704
網	699
並	699
請	698
警	698
制	696
與	696
客	696
和	694
舊	693
急	689
各	688
排	686
山	685
運	685
史	682
馬	675
節	674
照	670
追	670
片	669
歌	664
權	664
值	662
仆	662
止	659
示	659
往	658
熱	657
夜	656
－	655
程	652
腳	652
醒	650
科	650
青	650
希	649
基	647
形	646
＊	645
某	645
議	642
頂	642
Ａ	640
興	639
投	638
靜	636
王	631
環	628
畫	627
段	625
治	624
區	624
喂	624
拉	616
球	614
痛	614
親	613
毒	612
看	610
紙	610
眾	610
傾	609
送	609
啫	609
堆	608
靚	608
超	605
吓	604
!	602
城	600
—	600
啊	599
冷	597
府	597
黃	593
圖	593
袋	592
換	590
達	590
聞	589
升	588
爭	583
叔	582
態	578
噉	576
楚	572
圍	571
雙	571
』	570
『	570
血	569
調	569
牛	568
戲	566
忍	565
消	565
念	565
怕	565
證	564
獨	564
套	563
術	563
遊	562
屌	559
號	559
習	558
歷	557
共	556
餐	554
?	553
禮	552
則	551
停	550
尾	549
Ｌ	548
波	548
Ｔ	547
異	546
概	546
拖	543
忽	541
層	541
建	540
產	538
篇	536
嘩	535
她	535
準	534
較	533
演	533
質	531
醫	531
源	529
票	528
背	526
勢	526
古	525
展	523
越	521
曾	521
料	518
牌	516
洗	515
短	515
x	514
集	514
歲	512
爸	512
賣	512
顯	511
唱	510
j	510
執	509
象	509
疑	504
鐵	504
舉	503
服	503
裝	500
標	499
局	499
土	499
存	499
劇	499
引	496
周	495
呼	495
才	493
Ｒ	487
訓	486
裡	486
隊	485
巴	484
=	484
約	484
息	483
像	482
肉	478
跳	477
律	476
傷	475
華	474
取	474
派	474
謝	473
~	472
Ｓ	471
趣	470
⋯	470
院	468
專	468
管	468
統	467
校	464
散	463
倒	461
嫁	461
Ｉ	459
擊	458
圓	458
碼	458
責	456
零	456
官	456
廢	455
些	454
費	454
衫	453
擇	453
哦	451
級	450
喜	450
救	450
案	449
系	449
痴	447
便	447
景	447
卡	447
熟	446
淨	445
破	445
Ｎ	445
釋	439
惡	439
衝	439
煙	439
若	439
姐	436
渣	436
搭	435
梗	435
龍	435
燈	434
彈	433
良	432
職	432
吹	431
魔	431
告	431
Y	430
皮	430
威	430
據	429
_	429
維	428
*	426
暗	424
察	424
護	422
病	420
順	420
秒	418
敢	418
務	418
兒	418
妹	418
耳	417
撞	417
掂	417
］	416
ū	416
承	416
［	415
般	413
臉	412
掛	411
永	411
／	410
溫	410
靈	410
唯	409
技	406
組	404
陸	404
聯	404
揀	404
印	404
擔	403
"	402
麻	401
境	400
激	399
彩	399
．	398
餘	398
堅	397
速	396
敗	395
願	395
杯	395
鬧	394
輸	394
吸	393
退	393
補	393
很	392
石	392
居	391
斯	390
堂	390
棄	389
恐	387
沙	387
股	386
煩	386
評	385
室	385
領	385
微	384
跌	384
免	384
紀	383
夢	382
筆	382
炒	382
歡	381
塊	380
索	379
喊	379
預	378
壓	377
型	377
右	376
待	376
畢	375
稱	372
遲	372
隔	370
雨	369
備	369
島	369
茶	368
咧	367
站	367
狗	367
弟	367
際	367
慘	367
負	367
鳩	366
商	366
Ｃ	365
輪	365
硬	362
狂	360
陳	360
兄	360
戀	359
妙	358
廿	357
查	356
否	356
閒	355
吧	355
迫	355
遇	355
練	354
粗	354
擺	354
貨	354
靠	353
扮	352
導	352
沉	351
添	351
濟	351
介	351
造	350
衰	350
充	349
燒	348
養	348
毫	347
郁	347
偏	346
震	346
跑	345
抽	345
致	345
U	343
典	343
列	342
拜	341
朝	341
嬲	341
偷	340
避	339
討	338
努	338
族	338
惜	337
福	337
藝	337
】	336
【	336
雜	336
驗	336
懷	335
髮	335
捉	334
貼	333
店	333
銀	331
嘗	331
爛	331
阻	330
欣	330
復	329
參	329
傻	328
魚	328
顧	328
拿	327
秘	327
炸	327
屬	327
罪	325
屎	325
設	325
智	324
控	322
融	322
壞	321
蚊	320
犯	320
嘴	320
限	320
膠	320
版	319
豬	318
插	315
詩	315
夾	315
１	315
軍	315
尤	315
團	315
尼	314
置	314
談	313
貴	313
麵	313
Ｐ	312
適	311
模	311
幸	311
害	309
規	309
慣	308
歸	308
射	308
群	307
鋪	307
絲	306
搖	305
純	305
勝	304
暴	304
招	303
灣	300
錄	300
章	300
浪	300
北	300
研	300
抗	299
鬥	299
誤	299
揮	298
瞓	298
許	298
粒	298
米	297
闆	297
勁	296
雲	295
狀	294
效	293
Ｍ	293
嗎	293
碗	293
%	293
德	292
南	292
＝	292
穿	292
露	290
刀	290
呆	289
密	288
忙	288
判	287
守	286
配	285
尋	285
修	285
郭	284
李	284
肥	283
訊	283
塔	282
爾	282
嚇	282
洋	281
透	281
仁	280
陽	280
迷	280
盤	278
鏡	278
贏	278
移	277
險	277
骨	277
善	275
封	275
育	274
漢	273
享	273
黨	273
嘿	273
Ｂ	272
嚴	272
閉	271
覆	270
唐	270
互	270
z	270
歐	269
廁	269
哲	268
傅	267
咖	267
座	266
優	266
默	266
寶	266
付	265
武	265
弱	265
祖	265
Ｇ	265
給	264
布	264
淚	264
褲	263
X	263
禁	263
床	263
父	263
亞	263
志	263
草	262
陰	262
梁	261
編	261
具	261
注	260
園	259
霸	259
０	259
略	258
素	258
溝	258
淡	257
材	257
曲	257
劃	257
衣	257
元	255
＃	255
乾	255
森	255
辛	253
漫	253
副	252
率	252
垃	252
豆	251
唉	251
閃	250
趕	250
翻	249
圾	249
牙	249
降	248
創	248
肚	248
舞	248
陪	247
夫	247
雪	246
私	246
毛	246
春	245
按	245
申	245
廳	244
懶	244
君	244
虛	244
蛋	243
Z	243
久	243
濕	242
咬	242
借	242
碌	241
幻	241
摸	241
偉	241
油	240
木	240
臨	240
兵	239
悶	239
吖	238
富	238
Ｆ	237
鬆	237
途	236
〉	236
秀	236
減	236
〈	235
逐	234
獸	234
攻	234
供	233
聖	233
琛	233
旅	230
旁	230
悲	230
探	230
皇	230
附	230
助	229
亡	229
呃	228
財	228
批	228
播	228
Ｕ	227
咋	227
忘	226
滅	226
Ｈ	226
烈	226
讓	225
器	225
灰	225
危	224
吃	224
雄	224
抱	224
剩	224
祝	223
伯	222
潮	221
核	221
嘈	221
嫲	221
怒	220
巧	219
館	218
槍	218
藥	217
宣	216
軟	216
脫	216
尖	216
粉	215
藍	215
莫	215
戴	214
里	213
製	212
柒	212
坦	211
佔	211
課	211
幕	211
沖	211
找	210
貓	209
窗	209
Ｋ	209
庭	209
賞	208
握	208
魂	207
胸	207
搶	207
船	207
迎	207
尊	206
益	206
憶	206
叻	205
款	205
奶	204
掌	204
嘻	204
醉	204
防	203
Ｙ	202
游	202
絡	202
複	201
殘	200
忠	200
監	200
缺	200
漸	199
端	199
卻	199
述	199
觸	199
嗚	198
洲	198
曬	197
攞	197
穩	197
秦	197
樹	196
拳	196
橋	195
休	195
板	195
括	194
須	194
膽	194
貌	194
２	192
勇	192
乘	191
嘆	190
哂	190
羅	189
構	188
慮	187
析	187
施	187
村	187
汗	186
賭	186
訴	186
暫	185
賽	185
聚	185
澳	184
奈	184
圈	184
蘭	184
涼	184
'	183
席	183
甜	183
遮	182
幣	181
讚	180
泛	180
抵	180
抹	180
鼓	180
宜	179
枝	179
呵	178
鑊	178
啡	178
皆	178
裏	177
瘋	176
Q	176
”	176
竇	176
側	176
盒	175
伸	175
鞋	175
挑	175
距	175
鳥	175
敵	174
操	174
拼	173
奮	173
逃	173
嘉	173
階	172
>	172
$	172
帝	171
啤	170
織	169
慶	169
悔	169
孩	169
厚	169
範	167
捨	167
怖	166
符	166
嗯	166
鼻	166
牆	166
喝	166
疊	166
凍	165
拒	165
癲	165
眉	165
鮮	165
甘	165
屍	164
橫	164
測	163
鎖	163
怎	163
菜	163
豪	163
含	163
梯	162
剛	162
薄	162
徒	162
辭	161
碟	161
刺	161
淺	161
’	161
束	160
混	160
窮	160
尚	159
憎	159
誰	158
盛	158
踢	158
拋	158
蠢	158
咯	157
困	157
勞	157
涉	156
Ｘ	156
劍	156
串	156
寧	156
訪	156
增	156
韓	155
哼	155
掃	155
怨	155
序	155
噴	155
狠	154
錫	154
鄉	154
娘	154
隱	153
佳	153
緣	153
郎	153
諸	153
擁	152
餅	152
粹	152
q	151
裙	151
折	150
博	150
逼	150
賤	150
欲	150
抬	150
歉	150
河	149
拆	149
劉	149
轟	149
揚	149
遺	149
俗	149
浮	148
午	148
營	148
臭	147
嘞	147
碎	147
咦	147
恨	147
童	146
佈	146
珠	146
積	146
跡	146
伴	145
屈	145
填	145
污	145
緒	144
柴	144
莊	144
揸	144
珍	144
割	144
賺	144
固	144
宗	143
甩	143
兼	143
丁	143
潛	142
掉	142
煮	142
Ｗ	142
州	142
末	141
泰	140
檯	140
綠	140
祈	140
輯	140
革	140
吞	140
稍	140
健	140
載	139
慰	139
猶	139
扭	138
伏	138
枱	138
榮	137
恥	137
踏	137
紹	136
朗	136
委	136
厭	136
悉	135
滯	135
田	135
爺	135
辯	135
搬	134
舒	134
托	134
胡	134
“	133
孫	133
秋	133
縮	133
爽	132
塞	132
凡	132
撥	132
醜	132
麥	131
葉	131
康	131
孤	131
麗	131
恩	131
詳	130
幅	130
聰	130
江	129
劈	129
兜	129
滴	128
膊	128
偶	128
審	128
傑	128
頸	128
掩	128
聊	127
９	127
吐	127
輩	127
滾	127
億	127
哭	127
績	127
簽	126
啖	126
憑	126
檔	126
戒	126
策	126
鎮	126
儲	126
嗱	126
克	125
昏	125
佛	125
牽	125
夏	125
玲	125
媒	125
頓	125
針	125
猛	125
陷	124
寒	124
磨	124
攬	124
罷	124
雀	123
‧	123
斬	123
嗌	123
３	122
授	122
摩	122
衛	122
豐	122
勸	121
暖	121
嘔	121
矛	121
徹	121
倫	121
漏	120
仙	120
滑	120
喪	120
廈	120
扶	119
牲	119
犧	119
敏	119
雷	119
鹹	119
旺	119
攤	119
襲	119
扯	119
糖	119
蛇	118
藏	118
捱	118
掟	118
琴	118
廂	118
瓜	118
Ｖ	118
啪	117
額	117
幹	117
翼	117
鼠	117
振	117
敬	117
租	117
嫌	117
趁	117
兇	116
痕	116
淫	116
柔	116
哀	116
納	115
儀	115
冰	115
徵	115
巨	114
邪	114
虎	114
憐	114
毀	114
駁	114
飾	113
５	113
韻	113
戶	113
懂	112
遍	112
偽	112
奧	112
膚	112
唶	112
省	112
廚	112
癮	111
咳	111
啟	111
旗	111
均	110
替	110
盾	110
伙	109
霧	109
暑	109
勉	109
貪	109
盲	109
４	109
忌	109
池	109
乖	108
輔	108
潔	108
６	108
獻	108
宇	108
徐	107
獲	107
妻	107
宿	107
干	107
喉	107
惑	107
抖	107
倍	107
幼	107
咀	106
哎	106
腰	106
契	106
檢	106
累	106
洞	105
譯	105
糊	105
抑	105
浸	105
蝦	105
賴	105
諒	105
闊	105
註	104
炮	104
偈	104
箱	104
映	104
梳	103
玻	103
泥	103
仇	103
甲	103
截	102
哩	102
唇	102
岸	102
擾	102
湯	102
裂	102
扑	102
獄	101
腿	101
抄	101
衡	101
嬌	101
誕	101
誇	100
拗	100
吾	100
顏	100
橙	100
雅	100
鍵	100
迴	100
杜	100
染	100
瘦	99
塵	99
蝕	99
悟	99
个	99
荒	99
璃	99
扎	99
夕	99
襯	98
旨	98
卷	98
騰	98
遞	98
巾	98
砌	98
戚	97
亮	97
廠	97
蓋	97
糕	97
攝	97
＿	97
獎	97
踩	97
擦	97
戇	96
謀	96
扣	96
掣	96
丹	96
迅	96
姑	95
跪	95
壯	95
熄	95
糟	95
舖	95
凌	95
慳	95
晨	95
違	94
蟲	94
撐	94
農	94
鋼	94
粥	94
鄭	94
捕	94
寄	94
閂	93
恭	93
匪	93
腸	93
項	93
楊	93
掙	93
乃	92
曆	92
蹤	92
+	92
延	92
飽	91
劣	91
賓	91
墨	91
協	91
擠	91
飄	91
齋	91
繁	91
憤	90
叉	90
酸	90
玉	90
睡	90
箭	90
爐	90
緩	89
婦	89
姿	89
剪	89
僅	89
侶	89
庸	89
梓	89
欠	89
循	89
臂	89
彼	89
濃	89
慌	88
谷	88
櫃	88
腐	88
吉	88
脈	87
敲	87
湧	87
懼	87
俊	87
訝	87
殖	87
哪	87
烏	87
貫	87
銅	87
匯	87
鬚	87
援	86
匆	86
災	86
輝	86
奸	86
搏	85
乏	85
泡	85
邏	85
云	85
損	85
逢	85
蘋	85
廉	84
署	84
煲	84
奔	84
曉	84
氛	84
辜	84
竹	84
閘	84
妖	84
勤	83
糧	83
鋒	83
描	83
恤	83
叮	83
障	83
７	83
	82
綁	82
孔	82
頁	82
貢	82
奉	82
辣	82
歎	82
仗	82
勾	82
檸	82
鄺	81
冧	81
睛	81
袖	81
訂	81
搜	81
陶	81
崩	80
撳	80
擰	80
沿	80
冠	80
茫	80
撲	80
纏	80
恆	80
壇	80
遭	80
８	80
窿	79
籌	79
着	79
衷	79
崇	79
京	79
謙	79
療	79
罰	79
勵	79
斥	79
紛	79
淋	79
赤	78
薪	78
鑽	78
娛	78
冬	78
釘	78
宙	78
憂	78
宵	78
脾	77
季	77
爬	77
寂	77
棍	77
漁	77
逆	77
央	77
蘇	77
熊	77
捲	76
吊	76
帽	76
眨	76
晝	76
徙	76
<	76
餓	76
屆	76
奴	76
奪	75
頻	75
舍	75
憾	75
繩	75
姓	75
催	75
紫	75
剎	75
鳴	75
罵	74
津	74
尐	74
笨	74
灑	74
頹	74
坊	74
菲	73
譬	73
劫	73
獵	73
筒	73
旋	73
餵	73
譜	72
朱	72
匙	72
詠	72
慧	72
嫂	72
湊	72
稿	72
棟	72
冒	72
騎	72
Ｊ	71
胃	71
禍	71
縱	71
﹗	71
皺	71
齒	71
仰	71
渡	71
欺	71
伊	70
姻	70
魯	70
競	70
肺	70
塘	70
柱	70
棋	70
押	70
症	70
焦	69
歧	69
啞	69
鴨	69
蜜	69
誓	69
框	69
壽	69
矮	69
誌	69
窒	69
陌	69
碰	69
倉	69
幽	68
悅	68
諾	68
磁	68
閱	68
暢	68
拾	68
揭	68
誘	68
鬱	68
斜	67
迪	67
黐	67
洩	67
患	67
築	67
宅	67
窄	67
晰	67
妝	67
乞	66
掘	66
擴	66
奏	66
攪	66
郵	66
喘	66
臣	66
鍊	66
愁	66
弄	66
尿	66
刑	66
欄	66
喃	66
芒	65
撈	65
喻	65
晏	65
丟	65
瞪	65
尺	65
愚	64
荷	64
＞	64
孖	64
泳	64
徑	64
敦	64
罩	64
脆	64
藉	64
柏	64
吳	64
丸	63
曼	63
宮	63
辱	63
攰	63
篤	63
彷	63
稅	63
侵	63
盃	63
脹	63
域	63
噏	62
芝	62
澤	62
賢	62
礙	62
罐	61
Ｑ	61
廊	61
繞	61
歪	61
峰	61
蕩	61
姦	61
盈	61
賠	61
&	61
旦	61
躍	61
庫	60
猜	60
仄	60
擋	60
呂	60
役	59
稚	59
召	59
軌	59
疏	59
促	59
咒	59
豈	59
冚	59
毋	59
｣	58
舌	58
桶	58
騷	58
暈	58
惠	58
浩	58
貧	58
亭	58
趨	58
咭	58
狼	57
斤	57
脅	57
堪	57
鬍	57
疾	57
湖	57
①	57
遙	57
妥	57
匿	57
籍	57
曰	56
摺	56
卑	56
拔	56
彎	56
採	56
屙	56
挖	55
氹	55
傲	55
肩	55
妄	55
漆	55
閪	55
｢	55
﹖	55
芳	55
娜	55
瞬	55
响	54
趙	54
氏	54
撻	54
凳	54
淘	54
礎	54
;	54
籃	54
獅	54
疲	54
眠	54
娶	54
寵	54
銷	54
賊	54
紮	54
爲	54
矩	53
＋	53
壁	53
慾	53
姊	53
准	53
艱	53
譽	53
％	53
抓	53
慨	53
遷	52
紋	52
耶	52
洪	52
捧	52
俱	52
售	52
鄙	52
扒	52
冊	52
乙	52
彙	52
予	51
誼	51
捐	51
蓮	51
齡	51
寸	51
厘	51
滔	51
盟	51
措	51
哇	51
汁	51
董	51
購	51
稀	51
礦	50
秩	50
蕉	50
厲	50
蒼	50
沈	50
傘	50
乳	50
嶼	50
裁	50
隧	50
諷	50
鈴	50
–	50
吻	50
淪	50
龜	50
蒙	49
渴	49
筋	49
軀	49
井	49
嘖	49
囊	49
凝	49
盧	49
羞	49
埃	49
腹	49
吟	49
屁	49
宋	49
蓆	49
焗	49
嬉	49
耀	48
梨	48
竊	48
巫	48
隆	48
燭	48
聳	48
垂	48
宴	48
渠	48
埔	48
籤	48
它	48
豫	47
逗	47
棒	47
②	47
焚	47
斗	47
笠	47
泣	47
植	47
殊	47
籠	47
灘	47
燃	47
慕	47
擬	46
\	46
廷	46
巷	46
液	46
劑	46
鑼	46
寬	46
褸	46
孝	46
愧	46
謹	46
債	46
姨	45
朵	45
嬸	45
挽	45
拯	45
塑	45
培	45
鹽	45
潰	45
恰	45
肌	45
逝	45
瞇	45
尷	45
袍	45
滋	45
虐	45
噹	44
舟	44
尬	44
妨	44
桃	44
彌	44
濫	44
肢	44
捽	44
剷	44
彿	44
邀	44
嘟	44
焉	44
貶	44
償	44
棵	44
羊	44
嘯	44
邁	44
挺	44
週	44
裸	44
泊	43
券	43
頌	43
驅	43
嫩	43
塌	43
墳	43
螢	43
︰	43
址	43
帖	43
贊	43
矣	43
屠	43
呻	43
椅	43
坑	43
詢	43
謎	43
懇	43
鯊	43
盞	43
魄	43
耗	42
噢	42
晃	42
倦	42
諧	42
犀	42
呈	42
蒲	42
炭	42
嘲	42
炎	42
惱	42
腔	42
榜	41
奢	41
涯	41
梅	41
弊	41
悠	41
懸	41
撕	41
墮	41
禾	41
漂	41
覽	41
甴	41
丈	41
牡	41
謬	41
懲	41
罕	41
呎	41
啩	41
丑	41
繫	41
艾	41
肆	40
噓	40
醬	40
采	40
俠	40
拘	40
囡	40
冤	40
刪	40
櫈	40
詭	40
｡	40
漠	40
曱	40
惹	40
紗	40
后	39
督	39
勿	39
仿	39
晶	39
綜	39
衍	39
鈕	39
糾	39
い	39
伐	39
	39
騙	39
@	39
扁	39
窩	39
喚	39
儘	39
錶	38
揼	38
嚨	38
瑪	38
豎	38
侍	38
煞	38
煎	38
蕭	38
僱	38
揾	38
筷	38
軸	38
撼	38
芬	37
儒	37
爪	37
骰	37
踐	37
刊	37
摧	37
碧	37
鴉	37
竅	37
簿	37
煥	37
跨	37
挨	37
械	37
湘	37
懵	37
貿	37
詐	37
驟	37
馳	37
胎	37
③	37
盼	36
慈	36
豁	36
販	36
瀆	36
＂	36
溶	36
盔	36
羹	36
祥	36
鄰	36
刷	36
妓	36
廟	36
佩	36
辨	36
昧	36
虧	36
é	36
披	35
屢	35
賦	35
凸	35
澀	35
鏈	35
咸	35
屑	35
駕	35
晴	35
譚	35
鳳	35
疚	35
蔡	35
恒	35
劏	35
漲	35
殼	35
剝	35
鉛	35
叛	35
航	35
唸	34
嘥	34
酷	34
穌	34
託	34
吼	34
蒸	34
舔	34
泉	34
椒	34
葡	34
翅	34
祭	34
瀨	34
旣	34
漿	34
蝗	34
夷	34
噬	34
蹺	34
撫	33
鑿	33
樽	33
韃	33
蓄	33
弦	33
憲	33
燕	33
岳	33
孟	33
佐	33
蘿	33
愉	33
撇	33
藤	33
綱	33
鯉	33
卜	33
帳	33
陀	33
怔	33
蠟	32
枉	32
嶺	32
琪	32
躬	32
哉	32
葬	32
窺	32
沾	32
酬	32
孕	32
奕	32
暇	32
脊	32
刮	32
顛	32
潤	32
碑	31
腫	31
癌	31
️	31
膝	31
昇	31
琦	31
𨋢	31
犁	31
寡	31
颱	31
慎	31
馮	31
蹈	31
潘	31
埗	31
竭	31
磚	31
貝	30
勻	30
沫	30
岌	30
斑	30
彭	30
歇	30
唏	30
侯	30
枚	30
涵	30
龐	30
惶	30
寞	30
苑	30
薯	30
袁	30
履	30
莉	30
丫	30
撩	30
乸	30
喱	30
睜	30
枯	29
倡	29
燥	29
堡	29
㖭	29
瓊	29
杖	29
邦	29
勒	29
苟	29
恢	29
脷	29
汽	29
脂	29
羽	29
滲	29
艇	29
^	29
佑	29
簫	29
籬	29
愕	29
僵	29
馨	29
膜	29
渺	29
悼	29
耍	29
銳	29
撒	29
贈	28
隸	28
淆	28
鷹	28
闖	28
⼈	28
擅	28
釣	28
賀	28
臟	28
輿	28
粟	28
菇	28
盜	28
腩	28
斧	28
浴	28
擲	28
崗	28
卸	28
檬	28
哄	28
圳	28
媚	28
萄	27
狡	27
羨	27
撤	27
頗	27
魅	27
撮	27
昂	27
棉	27
嚕	27
も	27
磅	27
逸	27
嘶	27
荃	27
鼎	27
餸	27
睬	27
襪	27
昨	27
狹	27
卒	27
縣	27
什	27
揹	27
潑	27
蕾	27
懦	27
灌	26
昭	26
涕	26
嚮	26
松	26
擘	26
睹	26
吋	26
恃	26
鴻	26
嚿	26
扇	26
蠻	26
鞭	26
裔	26
霉	26
吱	26
挫	26
癡	26
縫	26
蟻	26
‬	26
蛙	26
眶	26
錦	26
躁	26
Ｚ	26
豔	26
‎	26
軒	26
削	26
篩	25
侮	25
綫	25
腕	25
鞏	25
牢	25
駐	25
掀	25
弓	25
畏	25
川	25
腥	25
→	25
砂	25
霜	25
樸	25
耕	25
汰	25
瑰	25
瀉	25
蔭	25
坡	25
肅	25
贖	25
曹	25
銘	25
嗲	25
糭	25
稽	24
慄	24
鄧	24
骸	24
玫	24
妮	24
茅	24
沮	24
咕	24
玄	24
膏	24
吵	24
翁	24
柄	24
賜	24
攜	24
＜	24
婉	24
伶	24
‪	24
纖	24
碩	24
鞠	24
齣	24
敷	24
煉	24
樺	24
茄	23
卦	23
胞	23
嬰	23
榨	23
偵	23
傍	23
紥	23
荊	23
剔	23
逕	23
墜	23
覓	23
訕	23
鵝	23
茂	23
雕	23
雯	23
箇	23
簾	23
墓	23
洛	23
宏	23
瓦	23
桑	23
刁	23
笛	23
昔	23
伍	23
郊	23
溜	22
牧	22
俯	22
屏	22
﹣	22
珊	22
鴿	22
緻	22
悄	22
澄	22
煽	22
斟	22
柳	22
潭	22
囂	22
瑞	22
薦	22
占	22
鍋	22
泄	22
哽	22
唧	22
瞞	22
か	22
て	22
葛	22
誅	22
唻	22
 	22
恍	22
抒	22
鈞	22
阱	22
忿	21
鈔	21
萌	21
淒	21
貞	21
赴	21
毅	21
砰	21
倖	21
耷	21
倚	21
跣	21
癱	21
臘	21
陋	21
蘊	21
彤	21
巢	21
喼	21
螺	21
④	21
呯	21
樑	21
の	21
凱	21
嫖	21
瑤	21
遣	21
蟬	21
俄	21
侃	21
瀾	21
咽	21
犬	21
ｅ	21
岔	20
喔	20
薰	20
睄	20
遁	20
蟹	20
搓	20
顫	20
晾	20
凜	20
診	20
喲	20
匹	20
穢	20
⑤	20
羈	20
髀	20
征	20
悖	20
禽	20
滄	20
痾	20
葵	20
ま	20
虱	20
勃	20
惺	20
叱	20
屯	20
疇	20
蹟	20
凶	20
蠱	20
坎	20
匠	20
燦	20
傭	20
渾	20
昌	20
兆	20
搔	20
瀟	20
舀	19
噃	19
す	19
莎	19
膩	19
擒	19
癢	19
ï	19
靡	19
瘡	19
蒞	19
秤	19
櫻	19
臺	19
焰	19
塗	19
奄	19
遵	19
餒	19
崔	19
蜂	19
狐	19
卿	19
惟	19
杰	19
怠	19
禱	19
囚	19
墊	19
拐	19
𡁵	19
紐	19
襟	19
菊	19
啼	19
哮	19
熙	19
壟	19
霞	19
聾	19
摑	19
兢	18
綿	18
綻	18
檳	18
僻	18
丙	18
幢	18
炫	18
捌	18
殿	18
頑	18
繹	18
巡	18
蛛	18
姆	18
菌	18
妳	18
夭	18
娃	18
晦	18
斃	18
爍	18
妒	18
瓶	18
頡	18
証	18
穆	18
甫	18
啜	18
嘍	18
搗	18
曖	18
祿	18
矇	18
豉	17
匡	17
蒂	17
哨	17
肝	17
飢	17
喧	17
擎	17
纜	17
{	17
倆	17
摔	17
遜	17
蔔	17
嘰	17
盆	17
袱	17
柯	17
兌	17
惘	17
慚	17
苛	17
缸	17
昆	17
淑	17
捏	17
曠	17
繃	17
耿	17
廓	17
国	17
頰	17
し	17
僭	17
罅	17
掹	17
扼	17
暪	17
獰	17
}	17
刨	17
な	17
捷	17
恕	17
瑣	16
憫	16
㩒	16
拙	16
咐	16
鑑	16
欽	16
狙	16
籲	16
枕	16
殷	16
聘	16
瞳	16
壘	16
繪	16
唓	16
ｏ	16
砸	16
瞄	16
釀	16
浦	16
廝	16
戥	16
棠	16
凹	16
冥	16
函	16
桂	16
御	16
瞭	16
穴	16
濺	16
俏	16
霆	16
余	16
賬	16
搣	16
捍	16
嗄	16
蝶	16
＄	16
攔	16
逞	16
拓	16
併	15
孽	15
躊	15
爹	15
崎	15
閩	15
赫	15
僕	15
檻	15
隙	15
攏	15
⑥	15
晌	15
 	15
搽	15
暮	15
躇	15
莞	15
倪	15
熔	15
翠	15
兀	15
芽	15
綽	15
怯	15
拮	15
濾	15
宰	15
咆	15
鮑	15
拚	15
蓬	15
盪	15
禎	15
邨	15
姣	15
戈	15
瘀	15
桿	15
睫	15
膨	15
鹿	14
几	14
鈺	14
驕	14
匸	14
寨	14
惰	14
吩	14
猖	14
輾	14
栓	14
轍	14
訣	14
嗜	14
嗡	14
螞	14
と	14
濁	14
嗒	14
兔	14
盯	14
盅	14
糉	14
兮	14
噗	14
謠	14
莓	14
涌	14
叢	14
睥	14
燶	14
攘	14
閣	14
頒	14
謊	14
躲	14
眷	14
嚼	14
懈	14
蘆	14
萎	14
昷	14
伺	14
豹	14
于	14
棺	14
摘	14
駒	14
巔	14
矢	14
晉	14
撰	14
賂	14
壺	14
	14
鑄	14
聆	14
鍛	14
薑	14
洶	14
毆	13
嘎	13
嗤	13
髓	13
韋	13
ｔ	13
噪	13
欖	13
夥	13
啃	13
冗	13
帆	13
薩	13
孭	13
う	13
朽	13
醋	13
眸	13
豊	13
霍	13
咿	13
祢	13
に	13
顆	13
●	13
汪	13
圭	13
癖	13
靴	13
溺	13
羮	13
徘	13
蜻	13
蕃	13
ｎ	13
で	13
杆	13
嗽	13
帛	13
ä	13
懺	13
沽	13
艦	13
竄	13
弗	13
鞍	13
吠	13
攀	13
斂	13
彥	13
迂	13
☆	13
ｉ	13
熬	13
縛	13
摷	13
彰	13
銜	13
沸	13
鵬	13
る	12
拂	12
翩	12
胭	12
侈	12
疤	12
殉	12
埠	12
黏	12
°	12
霾	12
燼	12
鐧	12
藹	12
掠	12
捺	12
芥	12
炯	12
駭	12
挪	12
爵	12
窘	12
腆	12
肇	12
寥	12
𠒇	12
琼	12
猩	12
⼀	12
蠅	12
吽	12
嘭	12
＆	12
堵	12
喳	12
醇	12
憧	12
蔑	12
猴	12
辟	12
禪	12
寓	12
匣	12
寢	12
豚	12
穎	12
徊	12
赦	12
娟	12
裕	12
噁	12
琳	12
躺	12
踎	12
瓏	12
傢	12
靶	12
瑕	12
閻	12
擱	12
駝	12
庇	12
氧	12
毓	12
烚	12
蔓	12
庖	12
彪	11
剋	11
綑	11
‘	11
葫	11
箍	11
屹	11
瘓	11
摟	11
逾	11
曝	11
卓	11
媲	11
漓	11
í	11
絮	11
朦	11
譴	11
棘	11
	11
霑	11
肋	11
鎚	11
伽	11
は	11
猝	11
奀	11
囝	11
惕	11
霎	11
弧	11
澱	11
瑩	11
灼	11
萊	11
允	11
蔥	11
鋁	11
☹	11
揣	11
琉	11
☓	11
ら	11
蹋	11
敘	11
淵	11
揖	11
躉	11
憬	11
肘	11
鋸	11
抆	11
扳	11
炬	11
蜢	11
褪	11
敍	11
鴇	11
蜓	11
朧	11
畜	11
鏢	10
囍	10
瀏	10
辰	10
帥	10
遑	10
嗨	10
咔	10
謄	10
惴	10
🙄	10
仕	10
獗	10
疫	10
厄	10
鴛	10
※	10
桌	10
魁	10
榷	10
炳	10
汶	10
抨	10
蹊	10
僥	10
咨	10
幟	10
温	10
祇	10
靂	10
沐	10
吭	10
瀝	10
佣	10
姬	10
崖	10
歹	10
畸	10
ｒ	10
呠	10
悚	10
鯨	10
樁	10
翌	10
靦	10
悵	10
偕	10
菠	10
鍚	10
喬	10
鏘	10
溢	10
た	10
嚏	10
呸	10
霹	10
鴦	10
捅	10
煤	10
筍	10
瀧	10
噩	10
堤	10
詮	10
槽	10
慷	10
炙	10
淹	10
涎	10
←	10
嗟	10
⑦	10
瑜	10
蔽	10
膿	10
唥	9
煌	9
盎	9
歛	9
狸	9
尸	9
鏽	9
諭	9
ん	9
娥	9
庶	9
霄	9
腍	9
籟	9
あ	9
栽	9
逮	9
簇	9
剃	9
馴	9
潺	9
緬	9
蕙	9
芭	9
禧	9
ｓ	9
猥	9
闌	9
蝴	9
尹	9
綺	9
啐	9
冕	9
姥	9
諮	9
絞	9
怡	9
褻	9
杏	9
亨	9
遂	9
翳	9
抺	9
ｇ	9
矜	9
瘤	9
坤	9
が	9
稻	9
嚎	9
呷	9
駿	9
吔	9
棗	9
梭	9
岡	9
敝	9
瀕	9
釁	9
溪	9
⭐	9
撓	9
朕	9
臻	9
驃	9
詹	9
眺	9
哣	9
絨	9
噸	9
酌	9
腮	9
飩	9
・	9
狽	9
鑾	9
拱	9
寺	9
硤	9
尉	9
实	9
賒	9
虔	9
囈	9
ü	9
耽	9
楷	9
揪	9
ａ	9
劌	8
垣	8
諱	8
﹐	8
禿	8
蔗	8
擂	8
溯	8
茲	8
詫	8
肴	8
囑	8
駱	8
♥	8
悍	8
ｈ	8
剖	8
鶴	8
嬴	8
榕	8
墟	8
俑	8
о	8
卵	8
濡	8
肖	8
饒	8
咤	8
蜘	8
瓷	8
娓	8
篷	8
釐	8
唪	8
曳	8
璧	8
揉	8
秉	8
楓	8
刃	8
唞	8
瘴	8
濤	8
沌	8
墅	8
咎	8
酢	8
痺	8
汝	8
諫	8
虞	8
а	8
倔	8
繡	8
叭	8
輒	8
卅	8
佻	8
姚	8
酵	8
氈	8
萃	8
拭	8
﹕	8
殆	8
飼	8
范	8
嚓	8
翹	8
熒	8
杉	8
緋	8
疼	8
孰	8
綴	8
倘	8
槓	8
愣	8
藩	8
瘟	8
♪	8
芻	8
頃	8
亢	8
鶩	7
罔	7
胖	7
曙	7
庾	7
艘	7
闢	7
坪	7
軚	7
錐	7
髏	7
鱷	7
噚	7
餛	7
燙	7
鬈	7
嫉	7
砵	7
逛	7
淥	7
您	7
牟	7
痰	7
勳	7
饅	7
邋	7
甸	7
吏	7
逍	7
雌	7
跛	7
舅	7
隋	7
蛀	7
脯	7
け	7
浚	7
贅	7
賄	7
を	7
熾	7
蹂	7
み	7
顰	7
鏗	7
躪	7
誦	7
寰	7
😂	7
瀰	7
惻	7
轎	7
鏟	7
𠺢	7
り	7
憔	7
噤	7
諜	7
翔	7
趟	7
遢	7
っ	7
鋤	7
吶	7
攫	7
姪	7
俚	7
拈	7
沓	7
鎗	7
虹	7
嫵	7
崛	7
靖	7
为	7
蕪	7
槌	7
蜒	7
杼	7
摒	7
柚	7
掬	7
踵	7
慫	7
р	7
烹	7
勺	7
濱	7
🤔	7
骷	7
氮	7
こ	7
嫣	7
涂	7
悴	7
棚	7
惋	7
絳	7
悸	7
吁	7
慤	7
驀	7
疆	7
餃	7
恿	7
蹶	7
娼	6
冶	6
ち	6
鼾	6
嫻	6
訛	6
趴	6
螂	6
婪	6
歟	6
騾	6
惆	6
畔	6
詁	6
长	6
虜	6
躂	6
巍	6
瞻	6
氓	6
艷	6
汾	6
咄	6
宛	6
‍	6
袒	6
碳	6
枷	6
株	6
貸	6
腑	6
蠶	6
糙	6
籮	6
穀	6
寅	6
孚	6
吆	6
裹	6
苗	6
ā	6
賈	6
羔	6
詆	6
澈	6
沛	6
嚷	6
竿	6
瞌	6
つ	6
謳	6
会	6
ｐ	6
睽	6
葆	6
忡	6
薇	6
鑒	6
銖	6
腎	6
栩	6
黛	6
棕	6
輻	6
馭	6
|	6
膀	6
♀	6
殞	6
啷	6
唾	6
浙	6
婷	6
蓉	6
奠	6
饋	6
氯	6
砍	6
縷	6
剿	6
＠	6
麟	6
趾	6
𡃁	6
褒	6
时	6
掏	6
辧	6
疵	6
釜	6
橡	6
鑣	6
愀	6
恁	6
髒	6
咏	6
蔚	6
摯	6
泱	6
撬	6
粼	6
澰	6
蹄	6
🏽	6
閑	6
膳	6
踭	6
儕	6
襄	6
彊	6
汨	6
ō	6
鉗	6
攣	6
佼	6
臥	6
澎	6
穫	6
儉	6
戾	6
儡	5
骼	5
灶	5
笪	5
鉤	5
峻	5
札	5
汲	5
輛	5
皿	5
湮	5
俘	5
梘	5
倩	5
漪	5
巉	5
傀	5
冀	5
蔣	5
邂	5
体	5
渦	5
翰	5
撿	5
滸	5
搪	5
给	5
唆	5
抿	5
楣	5
軋	5
奚	5
揩	5
്	5
両	5
噱	5
殲	5
么	5
徨	5
杭	5
轆	5
痍	5
酥	5
烤	5
进	5
簸	5
ي	5
蕊	5
闔	5
幌	5
獪	5
戊	5
ന	5
攸	5
☺	5
矯	5
啄	5
筵	5
澧	5
内	5
潦	5
芹	5
逅	5
峙	5
蜿	5
糯	5
俎	5
蠍	5
淤	5
蛾	5
廬	5
諺	5
焊	5
笙	5
嚥	5
凋	5
犢	5
楝	5
嫦	5
婿	5
鐡	5
噠	5
諳	5
憚	5
諉	5
濛	5
峽	5
殭	5
淮	5
驢	5
瀑	5
囪	5
ó	5
匐	5
賅	5
어	5
嗦	5
壹	5
簷	5
暱	5
稜	5
紳	5
臍	5
棧	5
鼆	5
ｆ	5
軑	5
弛	5
僚	5
û	5
羚	5
璞	5
陵	5
膾	5
滌	5
儈	5
〞	5
乍	5
韜	5
匈	5
廖	5
瞥	5
话	5
匍	5
郡	5
嗣	5
噥	5
荀	5
闡	5
喋	5
渲	5
譟	5
脚	5
祕	5
戮	5
榴	5
鬢	5
臆	5
邑	5
丘	5
僧	5
栗	5
憊	5
戌	5
咚	5
莠	5
汕	5
黝	5
皂	5
腺	5
俐	5
侏	5
−	5
朔	5
奬	5
〝	5
漣	5
憩	5
募	5
痱	5
埲	5
圜	5
㷫	5
彬	5
陲	5
咇	5
挾	5
堯	5
鱗	5
詣	5
趷	5
螻	5
瞰	5
н	5
鯽	4
应	4
饑	4
囤	4
紓	4
嘸	4
弩	4
弒	4
箕	4
籐	4
♬	4
岐	4
躝	4
с	4
蜀	4
嚶	4
语	4
轅	4
卽	4
划	4
磡	4
謗	4
魷	4
儼	4
ｌ	4
ど	4
怵	4
叨	4
銬	4
誒	4
乓	4
孱	4
糴	4
殻	4
摶	4
ù	4
＇	4
鉅	4
謾	4
桔	4
緝	4
蝠	4
ｄ	4
요	4
⼤	4
舐	4
〜	4
瑟	4
嶄	4
扔	4
鎊	4
迢	4
釵	4
お	4
吝	4
ê	4
だ	4
椰	4
臀	4
莖	4
甥	4
蝙	4
砒	4
丞	4
き	4
＼	4
韌	4
梟	4
鉸	4
♫	4
鬨	4
詬	4
卧	4
叼	4
呔	4
湃	4
摵	4
ε	4
孺	4
评	4
衙	4
ß	4
慵	4
愴	4
拷	4
抌	4
聡	4
梧	4
藺	4
紆	4
窟	4
醃	4
无	4
媳	4
猙	4
戎	4
ｚ	4
帚	4
⽤	4
耑	4
蚓	4
緯	4
ｃ	4
肓	4
燉	4
潢	4
擻	4
л	4
𢲡	4
ｖ	4
蜑	4
誹	4
欸	4
肪	4
瓣	4
卍	4
忪	4
龔	4
シ	4
漉	4
熹	4
ｕ	4
恙	4
遏	4
鈎	4
餡	4
膛	4
啕	4
ー	4
还	4
賁	4
猿	4
魏	4
𣲷	4
对	4
殃	4
揈	4
敎	4
拌	4
à	4
蛤	4
め	4
孜	4
翟	4
莽	4
貔	4
я	4
絆	4
膺	4
噫	4
蹦	4
黯	4
祂	4
悽	4
窖	4
劊	4
Δ	4
衹	4
誣	4
龕	4
蚯	4
貳	4
帕	4
冢	4
詛	4
踞	4
泵	4
哺	4
垢	4
酣	4
べ	4
縐	4
嶽	4
翦	4
莘	4
踱	4
磋	4
轄	4
閨	4
枴	4
貅	4
矓	4
曇	4
奎	4
嬤	4
煨	4
瞼	4
😡	4
哧	4
蒜	4
箸	4
泓	4
む	4
轔	4
贓	4
縈	4
繳	4
砲	4
鞘	4
妞	4
🍅	4
乒	4
楨	4
茹	4
飴	4
笈	4
瀛	4
跎	4
炆	4
鶯	4
ｘ	4
搐	4
嘜	4
よ	4
秃	4
餚	4
鑲	4
曦	4
媧	3
🤦	3
裇	3
俳	3
巿	3
记	3
蹉	3
￼	3
忑	3
樞	3
琢	3
桀	3
僑	3
ウ	3
发	3
篡	3
駢	3
⾃	3
縹	3
	3
橄	3
😁	3
熨	3
翡	3
嚐	3
懊	3
狩	3
〕	3
慟	3
苞	3
褐	3
儂	3
尴	3
嗅	3
捶	3
垮	3
烙	3
蠔	3
錮	3
溻	3
洽	3
迦	3
徛	3
鰲	3
囁	3
磊	3
祟	3
怦	3
罄	3
ô	3
眞	3
鄲	3
啵	3
栢	3
蚩	3
岀	3
撑	3
絀	3
櫥	3
憨	3
呱	3
騮	3
魘	3
燴	3
翕	3
鈍	3
圏	3
遡	3
麓	3
×	3
耘	3
氰	3
鍥	3
岑	3
仝	3
壩	3
韶	3
銹	3
衊	3
戙	3
艙	3
籽	3
舜	3
敞	3
礡	3
燻	3
妍	3
α	3
毁	3
泯	3
佮	3
遼	3
讖	3
眩	3
膞	3
们	3
ォ	3
様	3
締	3
俬	3
鳶	3
〔	3
睦	3
嵌	3
ｋ	3
穹	3
摹	3
〗	3
漩	3
ി	3
邃	3
ッ	3
喫	3
丽	3
洒	3
叙	3
錘	3
萍	3
ú	3
凰	3
匱	3
拑	3
鑰	3
哆	3
藐	3
紂	3
譎	3
雛	3
恪	3
駄	3
禦	3
倌	3
纓	3
菁	3
呤	3
鵪	3
紕	3
⾳	3
厥	3
疋	3
点	3
搁	3
揄	3
坷	3
醺	3
梵	3
阡	3
ش	3
见	3
耆	3
嗓	3
稠	3
д	3
ี	3
甕	3
🤷	3
难	3
ข	3
薛	3
癒	3
众	3
騸	3
戳	3
喙	3
宝	3
膶	3
噯	3
〖	3
寇	3
眯	3
鹵	3
终	3
揶	3
煬	3
硝	3
С	3
錙	3
瘁	3
燄	3
囖	3
せ	3
礫	3
藕	3
鳯	3
埞	3
髯	3
徂	3
è	3
藻	3
徬	3
忖	3
嗇	3
愿	3
脖	3
恫	3
и	3
霏	3
宦	3
喏	3
蜃	3
莅	3
东	3
芯	3
尻	3
嗶	3
偎	3
剥	3
竪	3
华	3
簧	3
紧	3
唷	3
﹑	3
忐	3
緹	3
隕	3
阪	3
睿	3
و	3
戛	3
睨	3
烽	3
е	3
嗔	3
	3
畿	3
矽	3
เ	3
胴	3
挈	3
幡	3
咃	3
鶉	3
伕	3
ส	3
崳	3
飆	3
糞	3
隘	3
驛	3
腌	3
泪	3
邯	3
誨	3
沼	3
ず	3
两	3
硫	3
涸	3
喵	3
酲	3
弘	3
现	3
捻	3
骯	3
该	3
没	3
咱	3
颯	3
菩	3
嚱	3
撘	2
檜	2
鍍	2
𠾴	2
騐	2
颼	2
魑	2
를	2
叠	2
髦	2
餾	2
摀	2
へ	2
洱	2
妾	2
鯪	2
	2
窕	2
墾	2
髪	2
极	2
ല	2
漱	2
湛	2
虫	2
杀	2
σ	2
嗷	2
媾	2
乱	2
孢	2
璨	2
禠	2
啓	2
忤	2
姍	2
菱	2
譁	2
跚	2
暉	2
樖	2
踮	2
纷	2
濂	2
氖	2
殯	2
夸	2
滂	2
癐	2
祺	2
吒	2
ğ	2
瞅	2
ด	2
閙	2
桐	2
筲	2
哘	2
独	2
擸	2
榻	2
鯇	2
罟	2
อ	2
😃	2
鏖	2
阮	2
涿	2
â	2
韭	2
护	2
ว	2
骴	2
偃	2
恣	2
孵	2
碉	2
喀	2
逄	2
让	2
🌜	2
芸	2
샤	2
噖	2
书	2
э	2
♡	2
儆	2
訌	2
悻	2
ホ	2
粘	2
癟	2
υ	2
μ	2
峯	2
暨	2
誡	2
蝨	2
𠻹	2
熜	2
砭	2
琵	2
价	2
夙	2
ا	2
ト	2
↓	2
搦	2
跋	2
篙	2
니	2
芩	2
菓	2
塚	2
随	2
蹴	2
暄	2
攙	2
د	2
瘍	2
淳	2
燠	2
偌	2
詰	2
茁	2
鴕	2
辞	2
覇	2
旯	2
厠	2
菀	2
↙	2
鹼	2
渝	2
î	2
银	2
繽	2
櫳	2
崽	2
踪	2
带	2
捃	2
摭	2
潚	2
擳	2
洙	2
业	2
茜	2
朴	2
摞	2
迄	2
杞	2
罹	2
🏻	2
渙	2
扱	2
ò	2
势	2
錕	2
紡	2
鈿	2
諄	2
酩	2
瞧	2
顎	2
㦸	2
殮	2
尢	2
骹	2
鰍	2
徠	2
妤	2
声	2
嚅	2
嘚	2
滕	2
❤	2
紊	2
懍	2
𡁬	2
筱	2
蝸	2
涔	2
搥	2
捋	2
蹩	2
喁	2
愎	2
감	2
漒	2
咫	2
毕	2
璀	2
餉	2
⾒	2
焙	2
烘	2
晢	2
縝	2
窈	2
捹	2
妁	2
挒	2
ν	2
胱	2
鐳	2
浹	2
瞟	2
邱	2
荼	2
禀	2
緘	2
緅	2
屄	2
ç	2
齙	2
礬	2
躹	2
	2
騁	2
掐	2
昩	2
从	2
俸	2
한	2
滷	2
弭	2
嗆	2
苔	2
亍	2
决	2
侷	2
澌	2
鬯	2
蔻	2
繭	2
酊	2
懕	2
嗝	2
遴	2
赞	2
旮	2
弔	2
昅	2
摙	2
癥	2
恬	2
사	2
覲	2
擄	2
麾	2
棲	2
孻	2
觉	2
灸	2
餩	2
衞	2
戅	2
😍	2
↘	2
窓	2
瘠	2
踰	2
胯	2
叹	2
熏	2
ュ	2
沃	2
肛	2
强	2
ぐ	2
ങ	2
譭	2
㨢	2
⾯	2
醐	2
齏	2
皓	2
煒	2
樫	2
辮	2
瓔	2
愜	2
冼	2
癩	2
胳	2
氫	2
裘	2
燾	2
箏	2
É	2
่	2
蹭	2
啻	2
匾	2
酪	2
谂	2
璽	2
𢳂	2
员	2
​	2
来	2
皚	2
焫	2
槐	2
臠	2
碇	2
綵	2
蹓	2
レ	2
弈	2
嘮	2
彳	2
写	2
狄	2
揺	2
矗	2
嘀	2
丐	2
忱	2
軻	2
珮	2
緲	2
雁	2
椿	2
溏	2
亥	2
ุ	2
ｙ	2
残	2
餬	2
ة	2
跤	2
晩	2
丌	2
叵	2
论	2
懾	2
愨	2
譏	2
虽	2
习	2
赢	2
蛻	2
褥	2
泌	2
⑧	2
🙆	2
⼊	2
砐	2
ム	2
獷	2
醍	2
芫	2
ү	2
朮	2
牠	2
儍	2
れ	2
瞎	2
啥	2
叶	2
嚹	2
頽	2
寐	2
稔	2
狏	2
囌	2
다	2
笔	2
ί	2
琶	2
珏	2
赛	2
裴	2
甌	2
撂	2
帑	2
咓	2
😔	2
拇	2
经	2
遐	2
捜	2
祠	2
糹	2
綸	2
ച	2
冽	2
这	2
⾮	2
观	2
掰	2
杳	2
旱	2
匕	2
🙇	2
ｍ	2
孥	2
б	2
簌	2
羡	2
沬	2
蟆	2
揞	2
繑	2
국	2
张	2
γ	2
薜	2
箝	2
오	2
机	2
緞	2
隅	2
舢	2
氾	2
靄	2
丕	2
𥄫	2
й	2
气	2
漾	2
滓	2
篱	2
甄	2
热	2
乩	2
ね	2
鎅	2
錚	2
坂	2
⫿	2
稟	2
祉	2
합	2
箴	2
杷	2
牘	2
鵲	2
槪	2
㕭	2
灯	2
飊	2
荣	2
擢	2
溥	2
ө	2
㗳	2
広	2
欶	2
敕	2
蹣	2
覷	2
墈	2
饗	2
愾	2
嬅	2
肨	2
고	2
ย	2
𠽌	2
傞	2
认	2
凈	2
况	2
珞	2
硯	2
寮	2
办	2
夯	2
猢	1
线	1
闹	1
😏	1
↖	1
虯	1
羿	1
壑	1
祐	1
幪	1
节	1
輟	1
掁	1
䄂	1
閥	1
佞	1
건	1
䜙	1
洵	1
连	1
艫	1
葯	1
ī	1
粕	1
簪	1
鐺	1
雹	1
寻	1
郢	1
閡	1
傣	1
眢	1
鋏	1
鑠	1
ャ	1
伝	1
訟	1
鵑	1
栞	1
😢	1
徧	1
า	1
弼	1
麒	1
贛	1
吡	1
亲	1
樵	1
佇	1
啋	1
わ	1
鏹	1
鈣	1
暁	1
刎	1
胚	1
飪	1
旬	1
ค	1
湄	1
佚	1
翥	1
囿	1
🐓	1
説	1
銼	1
魍	1
𡁻	1
χ	1
婢	1
ñ	1
击	1
侄	1
奋	1
剽	1
涅	1
粤	1
蜈	1
碍	1
枳	1
げ	1
滙	1
惝	1
塢	1
靨	1
黹	1
袂	1
있	1
만	1
甦	1
⽂	1
迭	1
絶	1
簋	1
隼	1
ു	1
滬	1
侗	1
妣	1
ρ	1
喐	1
乭	1
瞑	1
鎩	1
扈	1
鯹	1
搇	1
壤	1
抉	1
炕	1
в	1
鈾	1
구	1
貂	1
ഗ	1
オ	1
劾	1
แ	1
惊	1
篸	1
ാ	1
痙	1
坚	1
鎂	1
讒	1
旎	1
̌	1
綳	1
属	1
鱉	1
称	1
🎁	1
訐	1
媛	1
萱	1
叁	1
牀	1
瑄	1
أ	1
妲	1
䓤	1
⽩	1
仨	1
Č	1
芡	1
キ	1
轨	1
忳	1
강	1
豕	1
諦	1
燬	1
柸	1
ゃ	1
谐	1
丼	1
撠	1
将	1
麝	1
环	1
세	1
绝	1
齜	1
拥	1
⽼	1
蹀	1
攋	1
掤	1
盂	1
攢	1
听	1
鸛	1
聴	1
ツ	1
勘	1
吂	1
堊	1
瀚	1
楔	1
々	1
θ	1
𡙁	1
细	1
｛	1
⫾	1
録	1
檷	1
嗉	1
軏	1
彚	1
ば	1
穗	1
⾏	1
ケ	1
祀	1
襠	1
諢	1
⑩	1
ょ	1
伎	1
迹	1
冲	1
幃	1
태	1
妗	1
訶	1
曩	1
爱	1
驁	1
异	1
掕	1
窯	1
槎	1
踁	1
으	1
宄	1
殤	1
	1
ｗ	1
🎉	1
岗	1
驘	1
毎	1
鏞	1
虻	1
襤	1
😱	1
醴	1
璣	1
墻	1
剌	1
幔	1
纔	1
鎢	1
綾	1
掗	1
卌	1
😥	1
麪	1
蟄	1
諛	1
嗥	1
🎶	1
噣	1
礼	1
诛	1
공	1
踉	1
躞	1
琥	1
状	1
モ	1
埸	1
级	1
噌	1
緑	1
楞	1
睢	1
万	1
ジ	1
鰻	1
😠	1
忒	1
ř	1
瓠	1
麽	1
扚	1
掄	1
怙	1
袞	1
𨤳	1
τ	1
蹝	1
缽	1
와	1
呌	1
磿	1
	1
ജ	1
은	1
т	1
获	1
당	1
餿	1
陡	1
悛	1
á	1
嗩	1
啾	1
⽅	1
絹	1
ほ	1
안	1
孌	1
식	1
濯	1
褫	1
揜	1
踘	1
抛	1
淅	1
櫫	1
蜉	1
嘓	1
廸	1
鷺	1
⬀	1
晉	1
嫡	1
瘩	1
യ	1
蹙	1
濘	1
险	1
邓	1
檄	1
糠	1
😒	1
漬	1
毯	1
嬏	1
驥	1
麋	1
魎	1
叩	1
茉	1
鄕	1
鞦	1
舳	1
憟	1
糍	1
癦	1
腴	1
并	1
ก	1
𡲢	1
砥	1
歃	1
さ	1
𤝛	1
亿	1
蕎	1
茍	1
参	1
恋	1
问	1
蒹	1
呮	1
壆	1
浓	1
痘	1
芋	1
唚	1
踨	1
悌	1
檐	1
摏	1
荡	1
擤	1
嫰	1
峴	1
瑚	1
복	1
𥱊	1
孛	1
灭	1
軾	1
ã	1
犄	1
받	1
络	1
驊	1
魴	1
蜷	1
𢱑	1
燘	1
嚫	1
ι	1
顴	1
з	1
糜	1
壴	1
课	1
礴	1
貽	1
闗	1
穞	1
剮	1
阁	1
粲	1
獃	1
运	1
嗬	1
洎	1
왔	1
⑨	1
黄	1
橢	1
柿	1
钞	1
犲	1
謷	1
僆	1
ǐ	1
葩	1
埴	1
🔊	1
婀	1
揑	1
睞	1
皈	1
п	1
晓	1
螓	1
糅	1
聒	1
偲	1
弃	1
Е	1
癆	1
⾸	1
煇	1
燜	1
詡	1
岫	1
鉴	1
醞	1
逳	1
涶	1
硃	1
癇	1
韲	1
楹	1
臾	1
玟	1
𥅈	1
灞	1
齬	1
选	1
斐	1
掔	1
😝	1
彗	1
マ	1
懨	1
치	1
ภ	1
幀	1
柑	1
磯	1
孮	1
贍	1
ゴ	1
邵	1
鱂	1
鷗	1
😓	1
蘑	1
槤	1
ิ	1
鐸	1
场	1
捂	1
氳	1
讲	1
磐	1
录	1
广	1
蠆	1
‖	1
胁	1
洳	1
猷	1
頼	1
髻	1
掖	1
錡	1
ك	1
孑	1
俞	1
의	1
ꙮ	1
义	1
篐	1
仞	1
ആ	1
枭	1
ج	1
区	1
菅	1
继	1
苯	1
裳	1
挅	1
拄	1
蹇	1
沱	1
ര	1
踝	1
徼	1
远	1
孿	1
褊	1
帐	1
擗	1
イ	1
ή	1
縻	1
蔬	1
粽	1
减	1
𢴇	1
约	1
േ	1
葭	1
巹	1
刧	1
稷	1
鎧	1
İ	1
ㅐ	1
毗	1
薈	1
颶	1
佯	1
돼	1
예	1
鄒	1
怜	1
榭	1
证	1
仃	1
鏑	1
闕	1
譖	1
睩	1
箋	1
蔴	1
佘	1
罸	1
鰥	1
猻	1
禹	1
瞽	1
峋	1
남	1
枇	1
黍	1
睼	1
膈	1
悞	1
呑	1
ം	1
김	1
ご	1
竣	1
躀	1
綢	1
罡	1
黠	1
凪	1
装	1
ㅔ	1
먹	1
罌	1
磺	1
倀	1
暏	1
萸	1
罊	1
ύ	1
紉	1
错	1
澪	1
户	1
凖	1
🔘	1
吮	1
하	1
戍	1
炖	1
梦	1
挷	1
肶	1
腋	1
顱	1
蚣	1
枹	1
蘸	1
麈	1
︳	1
พ	1
啅	1
适	1
•	1
Х	1
珀	1
刄	1
鴆	1
瀘	1
踼	1
κ	1
｝	1
裨	1
粱	1
絰	1
馈	1
峇	1
酚	1
车	1
嬈	1
繆	1
焯	1
笳	1
旌	1
嶙	1
济	1
礁	1
针	1
枪	1
总	1
啉	1
醛	1
癊	1
諍	1
请	1
昕	1
ล	1
悦	1
毌	1
沏	1
氤	1
鯁	1
韉	1
俹	1
〇	1
난	1
样	1
趺	1
耒	1
䟓	1
陞	1
潸	1
梢	1
笫	1
😀	1
⽣	1
㧬	1
绮	1
坳	1
蹹	1
コ	1
ｂ	1
え	1
牴	1
蒐	1
㰖	1
埇	1
桎	1
簁	1
戕	1
㗰	1
关	1
梏	1
価	1
熵	1
м	1
蟑	1
烟	1
㨃	1
预	1
岬	1
𢯎	1
畝	1
捩	1
痲	1
开	1
鰂	1
逊	1
縁	1
岂	1
ม	1
沢	1
怀	1
蜚	1
⺟	1
ل	1
逋	1
视	1
棱	1
竽	1
梆	1
産	1
방	1
曚	1
ح	1
删	1
町	1
结	1
鱔	1
氟	1
砧	1
贵	1
↗	1
罨	1
盹	1
娑	1
閤	1
捫	1
瘌	1
隷	1
徽	1
滇	1
归	1
ง	1
崑	1
⼝	1
樟	1
瀣	1
𠴱	1
嘷	1
鄹	1
跆	1
旖	1
観	1
忧	1
蹲	1
沆	1
嚢	1
说	1
⼆	1
値	1
拃	1
顔	1
旭	1
澆	1
冏	1
亱	1
⼰	1
効	1
淇	1
艮	1
觴	1
兀	1
涙	1
霪	1
挲	1
ш	1
殂	1
簣	1
ı	1
บ	1
畨	1
이	1
⾄	1
ص	1
諂	1
ェ	1
貯	1
复	1
茱	1
ɛ	1
	1
서	1
资	1
篋	1
脇	1
霓	1
倨	1
渗	1
戟	1
茵	1
霽	1
새	1
哐	1
懞	1
⽭	1
╱	1
暝	1
槃	1
齌	1
舵	1
风	1
雒	1
狪	1
褚	1
橘	1
圑	1
奥	1
縶	1
顺	1
嘑	1
ر	1
儿	1
𢭃	1
蛆	1
扉	1
매	1
盦	1
疙	1
毽	1
ൾ	1
🎂	1
縟	1
蚤	1
煁	1
矚	1
嗮	1
窝	1
庵	1
η	1
昺	1
チ	1
ざ	1
忟	1
欧	1
净	1
齟	1
韙	1
🇭	1
ณ	1
誑	1
皙	1
𨈇	1
😮	1
届	1
寛	1
祜	1
葺	1
朣	1
酗	1
싶	1
ദ	1
焮	1
詔	1
囗	1
扤	1
唁	1
変	1
蠓	1
▶	1
ø	1
⽽	1
軼	1
猄	1
徇	1
蚍	1
鎯	1
岱	1
婊	1
僮	1
霖	1
ь	1
廛	1
や	1
碴	1
矖	1
嶇	1
躑	1
Т	1
杠	1
娉	1
傚	1
屝	1
縄	1
좋	1
🌲	1
嫗	1
迥	1
鲘	1
喞	1
⾺	1
祁	1
賸	1
俺	1
㨂	1
鸚	1
緃	1
窂	1
騭	1
阵	1
惦	1
蒿	1
勛	1
哟	1
眈	1
騖	1
鮫	1
λ	1
显	1
煜	1
해	1
분	1
疴	1
❓	1
间	1
Ε	1
蔦	1
驄	1
蹌	1
駙	1
ン	1
题	1
摻	1
妃	1
ο	1
荔	1
续	1
棹	1
일	1
부	1
纂	1
謏	1
에	1
噝	1
质	1
⇨	1
联	1
🇵	1
鷂	1
韆	1
释	1
啝	1
兴	1
輋	1
炊	1
覤	1
鰭	1
獳	1